id	label
osm:node:4062007802	Worth it
osm:node:4060284050	Worth it
osm:node:13597850817	Worth it
osm:node:4214957445	Worth it
osm:node:13521499595	Worth it
osm:node:11873425337	Worth it
osm:way:660600136	Worth it
osm:way:50535529	Worth it
osm:node:13732006701	Worth it
osm:node:13020910246	Worth it
osm:relation:11745088	Worth it
osm:way:1424542197	Worth it
osm:node:13925720249	Worth it
osm:node:13734228159	Worth it
osm:node:6330177705	Worth it
osm:node:6330177706	Worth it
osm:node:13392417919	Worth it
osm:node:12453383301	Worth it
osm:way:688272732	Worth it
osm:way:179921622	Worth it
osm:node:609552420	Worth it
osm:way:1059981743	Worth it
osm:node:6429057241	Worth it
osm:node:6429057243	Worth it
osm:node:6429057240	Worth it
osm:node:6429057242	Worth it
osm:way:333935519	Worth it
osm:node:12119451158	Worth it
osm:node:9286241324	Worth it
osm:node:12118841343	Worth it
osm:node:368165537	Worth it
osm:way:681754325	Worth it
osm:node:368165750	Worth it
osm:way:1191315040	Worth it
osm:way:221452861	Worth it
osm:way:472440567	Worth it
osm:way:177636261	Worth it
osm:way:178103601	Worth it
osm:node:13519907581	Worth it
osm:way:406115842	Worth it
osm:way:177852930	Worth it
